{
  "mlp": {
    "joint_mse": 0.002469502156600356,
    "joint_mae": 0.03956521674990654,
    "mean_dq_L2": 0.009457200765609741,
    "mean_dq_L1": 0.02058997191488743,
    "ee_mse": 0.0008826961275190115,
    "ee_mae": 0.04501906782388687,
    "num_samples": 500,
    "mode": "traj"
  },
  "gnn": {
    "joint_mse": 0.0024575309362262487,
    "joint_mae": 0.039514604955911636,
    "mean_dq_L2": 0.00581859378144145,
    "mean_dq_L1": 0.012276866473257542,
    "ee_mse": 0.0008736085728742182,
    "ee_mae": 0.04477567970752716,
    "num_samples": 500
  }
}