{
  "mlp": {
    "joint_mse": 0.0024703266099095345,
    "joint_mae": 0.03966103866696358,
    "mean_dq_L2": 0.008292453363537788,
    "mean_dq_L1": 0.018009569495916367,
    "ee_mse": 0.0008827596320770681,
    "ee_mae": 0.04502704367041588,
    "num_samples": 500,
    "mode": "traj"
  },
  "gnn": {
    "joint_mse": 0.00246046157553792,
    "joint_mae": 0.039543502032756805,
    "mean_dq_L2": 0.002359309932217002,
    "mean_dq_L1": 0.005238814279437065,
    "ee_mse": 0.0008735151495784521,
    "ee_mae": 0.04480169713497162,
    "num_samples": 500
  },
  "dls": {
    "joint_mse": 0.006112806499004364,
    "joint_mae": 0.0498017892241478,
    "ee_mse": 2.090614081851072e-08,
    "ee_mae": 4.9774665967561305e-05,
    "mean_dq_L2": 0.11963652819395065,
    "mean_dq_L1": 0.2609342038631439
  },
  "pybullet": {
    "joint_mse": 0.00606407830491662,
    "joint_mae": 0.04903559386730194,
    "ee_mse": 1.5103768191693234e-06,
    "ee_mae": 0.0011152309598401189,
    "mean_dq_L2": 0.12191006541252136,
    "mean_dq_L1": 0.26605772972106934
  }
}