{
  "mlp": {
    "joint_mse": 0.0024677379988133907,
    "joint_mae": 0.03956049308180809,
    "mean_dq_L2": 0.009384442120790482,
    "mean_dq_L1": 0.020430782809853554,
    "ee_mse": 0.0008797578047960997,
    "ee_mae": 0.04491160437464714,
    "num_samples": 500,
    "mode": "traj"
  },
  "gnn": {
    "joint_mse": 0.0024590238463133574,
    "joint_mae": 0.03951974958181381,
    "mean_dq_L2": 0.005259237252175808,
    "mean_dq_L1": 0.012176400050520897,
    "ee_mse": 0.0008743689977563918,
    "ee_mae": 0.04484112560749054,
    "num_samples": 500
  },
  "dls": {
    "joint_mse": 0.006112806499004364,
    "joint_mae": 0.0498017892241478,
    "ee_mse": 2.090614081851072e-08,
    "ee_mae": 4.9774665967561305e-05,
    "mean_dq_L2": 0.11963652819395065,
    "mean_dq_L1": 0.2609342038631439
  },
  "pybullet": {
    "joint_mse": 0.00606407830491662,
    "joint_mae": 0.04903559386730194,
    "ee_mse": 1.5103768191693234e-06,
    "ee_mae": 0.0011152309598401189,
    "mean_dq_L2": 0.12191006541252136,
    "mean_dq_L1": 0.26605772972106934
  }
}