{
  "mlp": {
    "0.001": {
      "joint_mse": 0.002500275382772088,
      "joint_mae": 0.03954467177391052,
      "mean_dq_L2": 0.011875104159116745,
      "mean_dq_L1": 0.025646455585956573,
      "ee_mse": 0.0008555054664611816,
      "ee_mae": 0.04513110965490341,
      "num_samples": 200,
      "mode": "traj",
      "lambda": 0.001
    },
    "0.01": {
      "joint_mse": 0.0025114810559898615,
      "joint_mae": 0.039610713720321655,
      "mean_dq_L2": 0.011461598798632622,
      "mean_dq_L1": 0.02543766051530838,
      "ee_mse": 0.0008625946356914937,
      "ee_mae": 0.04526148736476898,
      "num_samples": 200,
      "mode": "traj",
      "lambda": 0.01
    },
    "0.1": {
      "joint_mse": 0.0025034768041223288,
      "joint_mae": 0.03963852301239967,
      "mean_dq_L2": 0.008048368617892265,
      "mean_dq_L1": 0.017837628722190857,
      "ee_mse": 0.000861442880704999,
      "ee_mae": 0.04512283205986023,
      "num_samples": 200,
      "mode": "traj",
      "lambda": 0.1
    },
    "1.0": {
      "joint_mse": 0.002489278791472316,
      "joint_mae": 0.039435096085071564,
      "mean_dq_L2": 0.004722168669104576,
      "mean_dq_L1": 0.010557863861322403,
      "ee_mse": 0.0008531129569746554,
      "ee_mae": 0.04493456706404686,
      "num_samples": 200,
      "mode": "traj",
      "lambda": 1.0
    }
  },
  "gnn": {
    "0.001": {
      "joint_mse": 0.002487048041075468,
      "joint_mae": 0.03947708010673523,
      "mean_dq_L2": 0.005200482439249754,
      "mean_dq_L1": 0.012044613249599934,
      "ee_mse": 0.0008539349073544145,
      "ee_mae": 0.04491167888045311,
      "num_samples": 200,
      "lambda": 0.001
    },
    "0.01": {
      "joint_mse": 0.002488178201019764,
      "joint_mae": 0.03949796035885811,
      "mean_dq_L2": 0.0058373380452394485,
      "mean_dq_L1": 0.013586695306003094,
      "ee_mse": 0.0008548413752578199,
      "ee_mae": 0.04497413709759712,
      "num_samples": 200,
      "lambda": 0.01
    },
    "0.1": {
      "joint_mse": 0.0024831409100443125,
      "joint_mae": 0.0394178070127964,
      "mean_dq_L2": 0.003624610835686326,
      "mean_dq_L1": 0.008069749921560287,
      "ee_mse": 0.0008538460824638605,
      "ee_mae": 0.04489518329501152,
      "num_samples": 200,
      "lambda": 0.1
    },
    "1.0": {
      "joint_mse": 0.002482948824763298,
      "joint_mae": 0.03946550562977791,
      "mean_dq_L2": 0.0023155335802584887,
      "mean_dq_L1": 0.005143245682120323,
      "ee_mse": 0.000854832527693361,
      "ee_mae": 0.0449410043656826,
      "num_samples": 200,
      "lambda": 1.0
    }
  }
}