{
  "mlp": {
    "joint_mse": 0.0024924802128225565,
    "joint_mae": 0.03941195085644722,
    "mean_dq_L2": 0.009354487992823124,
    "mean_dq_L1": 0.020106954500079155,
    "ee_mse": 0.0008522578864358366,
    "ee_mae": 0.04481928050518036,
    "num_samples": 200,
    "mode": "traj",
    "lambda": 0.1
  },
  "gnn": {
    "joint_mse": 0.0024889952037483454,
    "joint_mae": 0.03945348411798477,
    "mean_dq_L2": 0.0052915955893695354,
    "mean_dq_L1": 0.01228504441678524,
    "ee_mse": 0.0008543392177671194,
    "ee_mae": 0.04497719928622246,
    "num_samples": 200,
    "lambda": 0.1
  }
}