{
  "mlp": {
    "joint_mse": 0.0024916252586990595,
    "joint_mae": 0.03943556174635887,
    "mean_dq_L2": 0.00963023491203785,
    "mean_dq_L1": 0.02107270061969757,
    "ee_mse": 0.0008506933809258044,
    "ee_mae": 0.04486098140478134,
    "num_samples": 200,
    "mode": "traj",
    "lambda": 0.1
  },
  "gnn": {
    "joint_mse": 0.0024848966859281063,
    "joint_mae": 0.039452940225601196,
    "mean_dq_L2": 0.005793381482362747,
    "mean_dq_L1": 0.012244952842593193,
    "ee_mse": 0.0008543579024262726,
    "ee_mae": 0.04492860659956932,
    "num_samples": 200,
    "lambda": 0.1
  }
}