{
  "Model": [
    "MLP",
    "GNN"
  ],
  "Joint MSE": [
    0.002469502156600356,
    0.0024575309362262487
  ],
  "Joint MAE": [
    0.03956521674990654,
    0.039514604955911636
  ],
  "EE MSE": [
    0.0008826961275190115,
    0.0008736085728742182
  ],
  "EE MAE": [
    0.04501906782388687,
    0.04477567970752716
  ],
  "Mean \u0394q L2": [
    0.009457200765609741,
    0.00581859378144145
  ],
  "Mean \u0394q L1": [
    0.02058997191488743,
    0.012276866473257542
  ]
}