{
  "Model": [
    "MLP",
    "GNN",
    "DLS",
    "PyBullet"
  ],
  "Joint MSE": [
    0.0024677379988133907,
    0.0024590238463133574,
    0.006112806499004364,
    0.00606407830491662
  ],
  "Joint MAE": [
    0.03956049308180809,
    0.03951974958181381,
    0.0498017892241478,
    0.04903559386730194
  ],
  "EE MSE": [
    0.0008797578047960997,
    0.0008743689977563918,
    2.090614081851072e-08,
    1.5103768191693234e-06
  ],
  "EE MAE": [
    0.04491160437464714,
    0.04484112560749054,
    4.9774665967561305e-05,
    0.0011152309598401189
  ],
  "Mean \u0394q L2": [
    0.009384442120790482,
    0.005259237252175808,
    0.11963652819395065,
    0.12191006541252136
  ],
  "Mean \u0394q L1": [
    0.020430782809853554,
    0.012176400050520897,
    0.2609342038631439,
    0.26605772972106934
  ]
}