{
  "Model": [
    "MLP",
    "GNN",
    "DLS",
    "PyBullet"
  ],
  "Joint MSE": [
    0.0024703266099095345,
    0.00246046157553792,
    0.006112806499004364,
    0.00606407830491662
  ],
  "Joint MAE": [
    0.03966103866696358,
    0.039543502032756805,
    0.0498017892241478,
    0.04903559386730194
  ],
  "EE MSE": [
    0.0008827596320770681,
    0.0008735151495784521,
    2.090614081851072e-08,
    1.5103768191693234e-06
  ],
  "EE MAE": [
    0.04502704367041588,
    0.04480169713497162,
    4.9774665967561305e-05,
    0.0011152309598401189
  ],
  "Mean \u0394q L2": [
    0.008292453363537788,
    0.002359309932217002,
    0.11963652819395065,
    0.12191006541252136
  ],
  "Mean \u0394q L1": [
    0.018009569495916367,
    0.005238814279437065,
    0.2609342038631439,
    0.26605772972106934
  ]
}