{
  "stats": {
    "mlp": {
      "mean_ee_error": 0.44689920447953047,
      "std_ee_error": 0.35346393836068385,
      "max_ee_error": 1.3735921382904053,
      "mean_dq_norm": 0.009045491981552915,
      "std_dq_norm": 0.0027077927229272286,
      "cumulative_ee_drift": 22.34496022397652
    },
    "gnn": {
      "mean_ee_error": 0.4543152893530205,
      "std_ee_error": 0.3629858541836652,
      "max_ee_error": 1.4274802207946777,
      "mean_dq_norm": 0.005424670662498102,
      "std_dq_norm": 0.0009002130970692735,
      "cumulative_ee_drift": 22.715764467651024
    }
  },
  "num_trajectories": 20,
  "traj_length": 50
}