{
  "stats": {
    "mlp": {
      "mean_ee_error": 0.4555317835705355,
      "std_ee_error": 0.35459761593442685,
      "max_ee_error": 1.322542428970337,
      "mean_dq_norm": 0.008270177466329187,
      "std_dq_norm": 0.001893372396322947,
      "cumulative_ee_drift": 22.776589178526773
    },
    "gnn": {
      "mean_ee_error": 0.4552760590752587,
      "std_ee_error": 0.36162463328394145,
      "max_ee_error": 1.423104166984558,
      "mean_dq_norm": 0.002222535265143961,
      "std_dq_norm": 0.0004219203966094521,
      "cumulative_ee_drift": 22.763802953762934
    }
  },
  "num_trajectories": 20,
  "traj_length": 50
}