{
  "stats": {
    "mlp": {
      "mean_ee_error": 0.4369708179584704,
      "std_ee_error": 0.347748329958431,
      "max_ee_error": 1.3738958835601807,
      "mean_dq_norm": 0.010526735766325146,
      "std_dq_norm": 0.0034774958963873365,
      "cumulative_ee_drift": 21.84854089792352
    },
    "gnn": {
      "mean_ee_error": 0.45371799695538356,
      "std_ee_error": 0.35947528270175105,
      "max_ee_error": 1.3909398317337036,
      "mean_dq_norm": 0.005740667737787589,
      "std_dq_norm": 0.0009128101278989253,
      "cumulative_ee_drift": 22.68589984776918
    }
  },
  "num_trajectories": 20,
  "traj_length": 50
}